"ensembl_gene_id","logFC_NAC_F_FENT","logFC_NAC_FENT","logFC_NAC_M_FENT","Motif","name","P.Value_NAC_F_FENT","P.Value_NAC_FENT","P.Value_NAC_M_FENT","Regulatory function","selected","shared name"
"ENSMUSG00000027361","-0.368786812336003","-0.200801300335344","-0.0328157883346858","homer-M01492","Gabpb1","0.0144963216567523","0.0479214314952806","0.808101995436793","Regulator","false","Gabpb1"
"ENSMUSG00002076601","-0.626409849603725","-0.703261249072336","-0.780112648540947","homer-M01492","Scarna13","0.114040661923952","0.0102348695367259","0.033653990361561","Regulated","false","Scarna13"
"ENSMUSG00000113722","-0.432275083077174","-0.545306033105059","-0.658336983132945","homer-M01492","Snhg10","0.169519064765864","0.0122425098597921","0.0246316260286362","Regulated","false","Snhg10"
"ENSMUSG00000028675","-0.147629387390428","-0.151051534676882","-0.154473681963337","homer-M01492","Pnrc2","0.145708769232342","0.0301202837477633","0.0983426516425088","Regulated","false","Pnrc2"
"ENSMUSG00000049985","-0.0800274806766295","-0.0991503135131726","-0.118273146349716","homer-M01492","Ankrd55","0.564607321020102","0.294755121490314","0.355112643945305","Regulated","false","Ankrd55"
"ENSMUSG00000027699","-0.556222345774783","-0.636977330362058","-0.717732314949332","homer-M01492","Ect2","0.163892089572443","0.0206602596204624","0.0523279688319759","Regulated","false","Ect2"
"ENSMUSG00000061048","-0.0315551876469493","-0.496990838026407","-0.962426488405864","homer-M01492","Cdh3","0.947330632226304","0.129114945763184","0.0314971385333632","Regulated","false","Cdh3"
"ENSMUSG00000004952","-0.147575049956557","-0.181413437036587","-0.215251824116616","homer-M01492","Rasa4","0.469376100211875","0.192408962252726","0.252200993393362","Regulated","false","Rasa4"
